STATEFP,COUNTYFP,GEOID,NAME,NAMELSAD
31,39,31039,Cuming,Cuming County
31,109,31109,Lancaster,Lancaster County
31,129,31129,Nuckolls,Nuckolls County
46,99,46099,Minnehaha,Minnehaha County
39,63,39063,Hancock,Hancock County
39,3,39003,Allen,Allen County
55,111,55111,Sauk,Sauk County
5,137,5137,Stone,Stone County
29,83,29083,Henry,Henry County
39,85,39085,Lake,Lake County
29,11,29011,Barton,Barton County
31,101,31101,Keith,Keith County
31,137,31137,Phelps,Phelps County
26,109,26109,Menominee,Menominee County
18,73,18073,Jasper,Jasper County
18,151,18151,Steuben,Steuben County
39,47,39047,Fayette,Fayette County
20,73,20073,Greenwood,Greenwood County
26,7,26007,Alpena,Alpena County
20,43,20043,Doniphan,Doniphan County
26,35,26035,Clare,Clare County
20,157,20157,Republic,Republic County
31,181,31181,Webster,Webster County
17,67,17067,Hancock,Hancock County
46,67,46067,Hutchinson,Hutchinson County
26,103,26103,Marquette,Marquette County
17,25,17025,Clay,Clay County
29,103,29103,Knox,Knox County
29,117,29117,Livingston,Livingston County
31,43,31043,Dakota,Dakota County
26,89,26089,Leelanau,Leelanau County
39,17,39017,Butler,Butler County
18,115,18115,Ohio,Ohio County
46,101,46101,Moody,Moody County
20,39,20039,Decatur,Decatur County
18,123,18123,Perry,Perry County
31,15,31015,Boyd,Boyd County
27,95,27095,Mille Lacs,Mille Lacs County
38,99,38099,Walsh,Walsh County
39,115,39115,Morgan,Morgan County
39,133,39133,Portage,Portage County
5,113,5113,Polk,Polk County
18,7,18007,Benton,Benton County
46,43,46043,Douglas,Douglas County
17,185,17185,Wabash,Wabash County
18,69,18069,Huntington,Huntington County
19,53,19053,Decatur,Decatur County
18,169,18169,Wabash,Wabash County
18,3,18003,Allen,Allen County
18,99,18099,Marshall,Marshall County
31,171,31171,Thomas,Thomas County
38,85,38085,Sioux,Sioux County
27,45,27045,Fillmore,Fillmore County
27,73,27073,Lac qui Parle,Lac qui Parle County
55,93,55093,Pierce,Pierce County
17,113,17113,McLean,McLean County
20,147,20147,Phillips,Phillips County
31,89,31089,Holt,Holt County
29,101,29101,Johnson,Johnson County
55,63,55063,La Crosse,La Crosse County
17,5,17005,Bond,Bond County
17,9,17009,Brown,Brown County
27,85,27085,McLeod,McLeod County
55,33,55033,Dunn,Dunn County
29,123,29123,Madison,Madison County
55,53,55053,Jackson,Jackson County
19,31,19031,Cedar,Cedar County
18,117,18117,Orange,Orange County
31,17,31017,Brown,Brown County
20,111,20111,Lyon,Lyon County
19,27,19027,Carroll,Carroll County
20,75,20075,Hamilton,Hamilton County
19,151,19151,Pocahontas,Pocahontas County
5,63,5063,Independence,Independence County
5,85,5085,Lonoke,Lonoke County
18,111,18111,Newton,Newton County
5,19,5019,Clark,Clark County
26,153,26153,Schoolcraft,Schoolcraft County
17,83,17083,Jersey,Jersey County
20,199,20199,Wallace,Wallace County
26,3,26003,Alger,Alger County
5,49,5049,Fulton,Fulton County
26,123,26123,Newaygo,Newaygo County
27,153,27153,Todd,Todd County
5,83,5083,Logan,Logan County
5,91,5091,Miller,Miller County
20,161,20161,Riley,Riley County
18,173,18173,Warrick,Warrick County
20,51,20051,Ellis,Ellis County
20,151,20151,Pratt,Pratt County
20,101,20101,Lane,Lane County
17,147,17147,Piatt,Piatt County
19,109,19109,Kossuth,Kossuth County
38,13,38013,Burke,Burke County
19,85,19085,Harrison,Harrison County
31,103,31103,Keya Paha,Keya Paha County
19,187,19187,Webster,Webster County
17,151,17151,Pope,Pope County
19,101,19101,Jefferson,Jefferson County
46,39,46039,Deuel,Deuel County
31,7,31007,Banner,Banner County
19,121,19121,Madison,Madison County
26,151,26151,Sanilac,Sanilac County
26,163,26163,Wayne,Wayne County
27,105,27105,Nobles,Nobles County
27,1,27001,Aitkin,Aitkin County
38,71,38071,Ramsey,Ramsey County
20,195,20195,Trego,Trego County
29,125,29125,Maries,Maries County
5,1,5001,Arkansas,Arkansas County
29,109,29109,Lawrence,Lawrence County
17,11,17011,Bureau,Bureau County
39,145,39145,Scioto,Scioto County
39,163,39163,Vinton,Vinton County
19,89,19089,Howard,Howard County
5,15,5015,Carroll,Carroll County
27,57,27057,Hubbard,Hubbard County
38,81,38081,Sargent,Sargent County
29,179,29179,Reynolds,Reynolds County
39,125,39125,Paulding,Paulding County
18,179,18179,Wells,Wells County
19,147,19147,Palo Alto,Palo Alto County
19,159,19159,Ringgold,Ringgold County
18,171,18171,Warren,Warren County
31,77,31077,Greeley,Greeley County
31,95,31095,Jefferson,Jefferson County
31,151,31151,Saline,Saline County
19,45,19045,Clinton,Clinton County
27,63,27063,Jackson,Jackson County
27,39,27039,Dodge,Dodge County
27,47,27047,Freeborn,Freeborn County
18,89,18089,Lake,Lake County
17,29,17029,Coles,Coles County
26,159,26159,Van Buren,Van Buren County
17,131,17131,Mercer,Mercer County
17,49,17049,Effingham,Effingham County
46,25,46025,Clark,Clark County
18,157,18157,Tippecanoe,Tippecanoe County
31,57,31057,Dundy,Dundy County
38,35,38035,Grand Forks,Grand Forks County
18,91,18091,LaPorte,LaPorte County
18,57,18057,Hamilton,Hamilton County
20,71,20071,Greeley,Greeley County
39,69,39069,Henry,Henry County
29,145,29145,Newton,Newton County
18,129,18129,Posey,Posey County
17,35,17035,Cumberland,Cumberland County
27,121,27121,Pope,Pope County
17,33,17033,Crawford,Crawford County
19,25,19025,Calhoun,Calhoun County
20,113,20113,McPherson,McPherson County
39,51,39051,Fulton,Fulton County
46,97,46097,Miner,Miner County
46,73,46073,Jerauld,Jerauld County
18,31,18031,Decatur,Decatur County
18,37,18037,Dubois,Dubois County
19,195,19195,Worth,Worth County
18,143,18143,Scott,Scott County
29,43,29043,Christian,Christian County
18,137,18137,Ripley,Ripley County
38,57,38057,Mercer,Mercer County
55,47,55047,Green Lake,Green Lake County
55,127,55127,Walworth,Walworth County
17,57,17057,Fulton,Fulton County
18,161,18161,Union,Union County
29,119,29119,McDonald,McDonald County
31,157,31157,Scotts Bluff,Scotts Bluff County
38,21,38021,Dickey,Dickey County
38,3,38003,Barnes,Barnes County
27,143,27143,Sibley,Sibley County
26,33,26033,Chippewa,Chippewa County
26,37,26037,Clinton,Clinton County
17,135,17135,Montgomery,Montgomery County
29,5,29005,Atchison,Atchison County
17,115,17115,Macon,Macon County
26,149,26149,St. Joseph,St. Joseph County
17,55,17055,Franklin,Franklin County
31,1,31001,Adams,Adams County
27,109,27109,Olmsted,Olmsted County
46,87,46087,McCook,McCook County
18,47,18047,Franklin,Franklin County
38,15,38015,Burleigh,Burleigh County
26,71,26071,Iron,Iron County
27,67,27067,Kandiyohi,Kandiyohi County
46,81,46081,Lawrence,Lawrence County
26,131,26131,Ontonagon,Ontonagon County
27,133,27133,Rock,Rock County
46,137,46137,Ziebach,Ziebach County
26,13,26013,Baraga,Baraga County
29,19,29019,Boone,Boone County
5,141,5141,Van Buren,Van Buren County
20,35,20035,Cowley,Cowley County
5,71,5071,Johnson,Johnson County
29,81,29081,Harrison,Harrison County
18,5,18005,Bartholomew,Bartholomew County
39,15,39015,Brown,Brown County
38,101,38101,Ward,Ward County
39,91,39091,Logan,Logan County
29,37,29037,Cass,Cass County
29,67,29067,Douglas,Douglas County
38,9,38009,Bottineau,Bottineau County
26,1,26001,Alcona,Alcona County
5,129,5129,Searcy,Searcy County
31,131,31131,Otoe,Otoe County
27,161,27161,Waseca,Waseca County
46,15,46015,Brule,Brule County
17,23,17023,Clark,Clark County
5,51,5051,Garland,Garland County
20,139,20139,Osage,Osage County
39,155,39155,Trumbull,Trumbull County
20,115,20115,Marion,Marion County
29,225,29225,Webster,Webster County
27,33,27033,Cottonwood,Cottonwood County
19,13,19013,Black Hawk,Black Hawk County
39,131,39131,Pike,Pike County
31,99,31099,Kearney,Kearney County
31,87,31087,Hitchcock,Hitchcock County
17,161,17161,Rock Island,Rock Island County
5,133,5133,Sevier,Sevier County
18,17,18017,Cass,Cass County
18,15,18015,Carroll,Carroll County
5,69,5069,Jefferson,Jefferson County
5,79,5079,Lincoln,Lincoln County
55,123,55123,Vernon,Vernon County
29,93,29093,Iron,Iron County
39,111,39111,Monroe,Monroe County
20,165,20165,Rush,Rush County
18,107,18107,Montgomery,Montgomery County
20,187,20187,Stanton,Stanton County
27,71,27071,Koochiching,Koochiching County
27,165,27165,Watonwan,Watonwan County
46,119,46119,Sully,Sully County
18,51,18051,Gibson,Gibson County
31,105,31105,Kimball,Kimball County
17,93,17093,Kendall,Kendall County
27,171,27171,Wright,Wright County
55,59,55059,Kenosha,Kenosha County
29,79,29079,Grundy,Grundy County
26,85,26085,Lake,Lake County
26,139,26139,Ottawa,Ottawa County
17,31,17031,Cook,Cook County
17,59,17059,Gallatin,Gallatin County
20,59,20059,Franklin,Franklin County
27,27,27027,Clay,Clay County
38,5,38005,Benson,Benson County
29,163,29163,Pike,Pike County
39,87,39087,Lawrence,Lawrence County
29,201,29201,Scott,Scott County
39,1,39001,Adams,Adams County
39,33,39033,Crawford,Crawford County
39,59,39059,Guernsey,Guernsey County
26,15,26015,Barry,Barry County
29,209,29209,Stone,Stone County
19,39,19039,Clarke,Clarke County
19,65,19065,Fayette,Fayette County
19,181,19181,Warren,Warren County
39,161,39161,Van Wert,Van Wert County
19,1,19001,Adair,Adair County
29,89,29089,Howard,Howard County
55,79,55079,Milwaukee,Milwaukee County
27,139,27139,Scott,Scott County
39,129,39129,Pickaway,Pickaway County
26,9,26009,Antrim,Antrim County
17,103,17103,Lee,Lee County
31,127,31127,Nemaha,Nemaha County
20,149,20149,Pottawatomie,Pottawatomie County
26,75,26075,Jackson,Jackson County
18,165,18165,Vermillion,Vermillion County
26,143,26143,Roscommon,Roscommon County
39,119,39119,Muskingum,Muskingum County
31,41,31041,Custer,Custer County
19,37,19037,Chickasaw,Chickasaw County
17,37,17037,DeKalb,DeKalb County
19,81,19081,Hancock,Hancock County
38,89,38089,Stark,Stark County
26,95,26095,Luce,Luce County
38,11,38011,Bowman,Bowman County
17,175,17175,Stark,Stark County
46,129,46129,Walworth,Walworth County
29,221,29221,Washington,Washington County
19,61,19061,Dubuque,Dubuque County
20,181,20181,Sherman,Sherman County
39,139,39139,Richland,Richland County
17,1,17001,Adams,Adams County
39,21,39021,Champaign,Champaign County
17,75,17075,Iroquois,Iroquois County
19,157,19157,Poweshiek,Poweshiek County
39,169,39169,Wayne,Wayne County
31,25,31025,Cass,Cass County
46,77,46077,Kingsbury,Kingsbury County
38,47,38047,Logan,Logan County
26,53,26053,Gogebic,Gogebic County
27,5,27005,Becker,Becker County
55,3,55003,Ashland,Ashland County
17,53,17053,Ford,Ford County
38,29,38029,Emmons,Emmons County
5,121,5121,Randolph,Randolph County
55,85,55085,Oneida,Oneida County
20,1,20001,Allen,Allen County
17,41,17041,Douglas,Douglas County
55,137,55137,Waushara,Waushara County
5,65,5065,Izard,Izard County
29,131,29131,Miller,Miller County
29,165,29165,Platte,Platte County
29,21,29021,Buchanan,Buchanan County
18,65,18065,Henry,Henry County
31,143,31143,Polk,Polk County
39,123,39123,Ottawa,Ottawa County
27,107,27107,Norman,Norman County
19,165,19165,Shelby,Shelby County
19,11,19011,Benton,Benton County
27,25,27025,Chisago,Chisago County
29,51,29051,Cole,Cole County
26,21,26021,Berrien,Berrien County
31,45,31045,Dawes,Dawes County
26,119,26119,Montmorency,Montmorency County
26,135,26135,Oscoda,Oscoda County
17,163,17163,St. Clair,St. Clair County
17,189,17189,Washington,Washington County
5,127,5127,Scott,Scott County
20,99,20099,Labette,Labette County
39,67,39067,Harrison,Harrison County
27,89,27089,Marshall,Marshall County
17,171,17171,Scott,Scott County
26,129,26129,Ogemaw,Ogemaw County
17,159,17159,Richland,Richland County
29,173,29173,Ralls,Ralls County
17,129,17129,Menard,Menard County
38,83,38083,Sheridan,Sheridan County
18,49,18049,Fulton,Fulton County
20,91,20091,Johnson,Johnson County
55,129,55129,Washburn,Washburn County
27,169,27169,Winona,Winona County
29,3,29003,Andrew,Andrew County
29,139,29139,Montgomery,Montgomery County
20,21,20021,Cherokee,Cherokee County
55,65,55065,Lafayette,Lafayette County
55,135,55135,Waupaca,Waupaca County
29,153,29153,Ozark,Ozark County
38,97,38097,Traill,Traill County
55,125,55125,Vilas,Vilas County
27,7,27007,Beltrami,Beltrami County
39,23,39023,Clark,Clark County
38,49,38049,McHenry,McHenry County
31,179,31179,Wayne,Wayne County
38,45,38045,LaMoure,LaMoure County
38,43,38043,Kidder,Kidder County
18,127,18127,Porter,Porter County
17,65,17065,Hamilton,Hamilton County
5,105,5105,Perry,Perry County
20,23,20023,Cheyenne,Cheyenne County
19,185,19185,Wayne,Wayne County
29,127,29127,Marion,Marion County
19,97,19097,Jackson,Jackson County
38,63,38063,Nelson,Nelson County
29,177,29177,Ray,Ray County
39,73,39073,Hocking,Hocking County
19,113,19113,Linn,Linn County
20,5,20005,Atchison,Atchison County
39,109,39109,Miami,Miami County
55,89,55089,Ozaukee,Ozaukee County
55,117,55117,Sheboygan,Sheboygan County
20,29,20029,Cloud,Cloud County
19,59,19059,Dickinson,Dickinson County
20,61,20061,Geary,Geary County
27,83,27083,Lyon,Lyon County
29,23,29023,Butler,Butler County
18,55,18055,Greene,Greene County
18,139,18139,Rush,Rush County
55,131,55131,Washington,Washington County
29,105,29105,Laclede,Laclede County
5,31,5031,Craighead,Craighead County
29,195,29195,Saline,Saline County
17,193,17193,White,White County
17,39,17039,De Witt,De Witt County
27,49,27049,Goodhue,Goodhue County
38,91,38091,Steele,Steele County
18,163,18163,Vanderburgh,Vanderburgh County
29,71,29071,Franklin,Franklin County
55,7,55007,Bayfield,Bayfield County
55,97,55097,Portage,Portage County
55,39,55039,Fond du Lac,Fond du Lac County
55,61,55061,Kewaunee,Kewaunee County
29,41,29041,Chariton,Chariton County
20,167,20167,Russell,Russell County
17,155,17155,Putnam,Putnam County
46,55,46055,Haakon,Haakon County
5,23,5023,Cleburne,Cleburne County
38,103,38103,Wells,Wells County
5,59,5059,Hot Spring,Hot Spring County
17,169,17169,Schuyler,Schuyler County
5,27,5027,Columbia,Columbia County
38,39,38039,Griggs,Griggs County
19,43,19043,Clayton,Clayton County
20,9,20009,Barton,Barton County
38,87,38087,Slope,Slope County
31,71,31071,Garfield,Garfield County
26,65,26065,Ingham,Ingham County
20,177,20177,Shawnee,Shawnee County
46,61,46061,Hanson,Hanson County
27,61,27061,Itasca,Itasca County
18,81,18081,Johnson,Johnson County
55,67,55067,Langlade,Langlade County
19,21,19021,Buena Vista,Buena Vista County
19,129,19129,Mills,Mills County
39,41,39041,Delaware,Delaware County
19,49,19049,Dallas,Dallas County
29,223,29223,Wayne,Wayne County
17,177,17177,Stephenson,Stephenson County
26,87,26087,Lapeer,Lapeer County
26,79,26079,Kalkaska,Kalkaska County
38,23,38023,Divide,Divide County
19,125,19125,Marion,Marion County
31,55,31055,Douglas,Douglas County
29,39,29039,Cedar,Cedar County
5,103,5103,Ouachita,Ouachita County
39,37,39037,Darke,Darke County
46,41,46041,Dewey,Dewey County
18,119,18119,Owen,Owen County
29,17,29017,Bollinger,Bollinger County
31,139,31139,Pierce,Pierce County
17,181,17181,Union,Union County
17,91,17091,Kankakee,Kankakee County
38,51,38051,McIntosh,McIntosh County
31,141,31141,Platte,Platte County
46,27,46027,Clay,Clay County
29,175,29175,Randolph,Randolph County
20,15,20015,Butler,Butler County
26,105,26105,Mason,Mason County
46,135,46135,Yankton,Yankton County
55,105,55105,Rock,Rock County
18,23,18023,Clinton,Clinton County
17,27,17027,Clinton,Clinton County
26,155,26155,Shiawassee,Shiawassee County
20,89,20089,Jewell,Jewell County
20,123,20123,Mitchell,Mitchell County
17,85,17085,Jo Daviess,Jo Daviess County
18,59,18059,Hancock,Hancock County
20,171,20171,Scott,Scott County
17,199,17199,Williamson,Williamson County
20,189,20189,Stevens,Stevens County
46,13,46013,Brown,Brown County
31,13,31013,Box Butte,Box Butte County
26,147,26147,St. Clair,St. Clair County
31,173,31173,Thurston,Thurston County
18,135,18135,Randolph,Randolph County
55,23,55023,Crawford,Crawford County
19,123,19123,Mahaska,Mahaska County
20,45,20045,Douglas,Douglas County
29,97,29097,Jasper,Jasper County
38,1,38001,Adams,Adams County
26,93,26093,Livingston,Livingston County
5,149,5149,Yell,Yell County
20,33,20033,Comanche,Comanche County
46,79,46079,Lake,Lake County
39,57,39057,Greene,Greene County
19,7,19007,Appanoose,Appanoose County
18,77,18077,Jefferson,Jefferson County
31,11,31011,Boone,Boone County
29,149,29149,Oregon,Oregon County
18,167,18167,Vigo,Vigo County
18,39,18039,Elkhart,Elkhart County
27,93,27093,Meeker,Meeker County
39,5,39005,Ashland,Ashland County
31,119,31119,Madison,Madison County
5,95,5095,Monroe,Monroe County
29,59,29059,Dallas,Dallas County
20,145,20145,Pawnee,Pawnee County
20,209,20209,Wyandotte,Wyandotte County
26,157,26157,Tuscola,Tuscola County
20,65,20065,Graham,Graham County
39,95,39095,Lucas,Lucas County
5,93,5093,Mississippi,Mississippi County
18,43,18043,Floyd,Floyd County
20,129,20129,Morton,Morton County
31,117,31117,McPherson,McPherson County
31,145,31145,Red Willow,Red Willow County
31,149,31149,Rock,Rock County
17,125,17125,Mason,Mason County
5,143,5143,Washington,Washington County
55,35,55035,Eau Claire,Eau Claire County
20,191,20191,Sumner,Sumner County
26,127,26127,Oceana,Oceana County
27,65,27065,Kanabec,Kanabec County
39,7,39007,Ashtabula,Ashtabula County
17,105,17105,Livingston,Livingston County
39,135,39135,Preble,Preble County
39,79,39079,Jackson,Jackson County
20,121,20121,Miami,Miami County
26,161,26161,Washtenaw,Washtenaw County
18,87,18087,LaGrange,LaGrange County
55,83,55083,Oconto,Oconto County
55,41,55041,Forest,Forest County
55,113,55113,Sawyer,Sawyer County
39,151,39151,Stark,Stark County
19,177,19177,Van Buren,Van Buren County
31,73,31073,Gosper,Gosper County
39,99,39099,Mahoning,Mahoning County
17,191,17191,Wayne,Wayne County
29,151,29151,Osage,Osage County
17,89,17089,Kane,Kane County
5,101,5101,Newton,Newton County
38,19,38019,Cavalier,Cavalier County
20,63,20063,Gove,Gove County
31,67,31067,Gage,Gage County
18,61,18061,Harrison,Harrison County
39,157,39157,Tuscarawas,Tuscarawas County
39,71,39071,Highland,Highland County
27,77,27077,Lake of the Woods,Lake of the Woods County
46,85,46085,Lyman,Lyman County
55,121,55121,Trempealeau,Trempealeau County
46,71,46071,Jackson,Jackson County
18,83,18083,Knox,Knox County
31,47,31047,Dawson,Dawson County
20,57,20057,Ford,Ford County
38,105,38105,Williams,Williams County
38,17,38017,Cass,Cass County
17,69,17069,Hardin,Hardin County
31,5,31005,Arthur,Arthur County
19,103,19103,Johnson,Johnson County
20,133,20133,Neosho,Neosho County
20,107,20107,Linn,Linn County
31,85,31085,Hayes,Hayes County
5,13,5013,Calhoun,Calhoun County
26,59,26059,Hillsdale,Hillsdale County
46,33,46033,Custer,Custer County
46,5,46005,Beadle,Beadle County
31,97,31097,Johnson,Johnson County
46,75,46075,Jones,Jones County
38,7,38007,Billings,Billings County
31,3,31003,Antelope,Antelope County
29,73,29073,Gasconade,Gasconade County
5,37,5037,Cross,Cross County
5,107,5107,Phillips,Phillips County
18,131,18131,Pulaski,Pulaski County
26,19,26019,Benzie,Benzie County
29,183,29183,St. Charles,St. Charles County
20,13,20013,Brown,Brown County
29,87,29087,Holt,Holt County
38,61,38061,Mountrail,Mountrail County
31,165,31165,Sioux,Sioux County
18,13,18013,Brown,Brown County
18,19,18019,Clark,Clark County
17,63,17063,Grundy,Grundy County
27,81,27081,Lincoln,Lincoln County
55,95,55095,Polk,Polk County
55,45,55045,Green,Green County
5,47,5047,Franklin,Franklin County
38,55,38055,McLean,McLean County
19,197,19197,Wright,Wright County
29,55,29055,Crawford,Crawford County
27,111,27111,Otter Tail,Otter Tail County
27,21,27021,Cass,Cass County
55,87,55087,Outagamie,Outagamie County
29,107,29107,Lafayette,Lafayette County
39,117,39117,Morrow,Morrow County
38,31,38031,Foster,Foster County
5,33,5033,Crawford,Crawford County
29,186,29186,Ste. Genevieve,Ste. Genevieve County
17,109,17109,McDonough,McDonough County
19,137,19137,Montgomery,Montgomery County
5,67,5067,Jackson,Jackson County
31,111,31111,Lincoln,Lincoln County
27,37,27037,Dakota,Dakota County
55,1,55001,Adams,Adams County
29,45,29045,Clark,Clark County
29,227,29227,Worth,Worth County
31,163,31163,Sherman,Sherman County
46,21,46021,Campbell,Campbell County
46,63,46063,Harding,Harding County
26,57,26057,Gratiot,Gratiot County
19,175,19175,Union,Union County
17,127,17127,Massac,Massac County
31,113,31113,Logan,Logan County
31,121,31121,Merrick,Merrick County
31,161,31161,Sheridan,Sheridan County
18,109,18109,Morgan,Morgan County
18,53,18053,Grant,Grant County
17,73,17073,Henry,Henry County
46,29,46029,Codington,Codington County
5,21,5021,Clay,Clay County
5,45,5045,Faulkner,Faulkner County
19,107,19107,Keokuk,Keokuk County
17,61,17061,Greene,Greene County
27,75,27075,Lake,Lake County
27,3,27003,Anoka,Anoka County
46,9,46009,Bon Homme,Bon Homme County
18,141,18141,St. Joseph,St. Joseph County
38,67,38067,Pembina,Pembina County
46,7,46007,Bennett,Bennett County
5,5,5005,Baxter,Baxter County
19,169,19169,Story,Story County
20,11,20011,Bourbon,Bourbon County
55,119,55119,Taylor,Taylor County
27,99,27099,Mower,Mower County
27,101,27101,Murray,Murray County
29,161,29161,Phelps,Phelps County
18,149,18149,Starke,Starke County
19,131,19131,Mitchell,Mitchell County
31,133,31133,Pawnee,Pawnee County
55,73,55073,Marathon,Marathon County
26,165,26165,Wexford,Wexford County
29,85,29085,Hickory,Hickory County
29,9,29009,Barry,Barry County
27,123,27123,Ramsey,Ramsey County
5,81,5081,Little River,Little River County
31,153,31153,Sarpy,Sarpy County
27,167,27167,Wilkin,Wilkin County
17,157,17157,Randolph,Randolph County
39,101,39101,Marion,Marion County
17,149,17149,Pike,Pike County
17,203,17203,Woodford,Woodford County
17,145,17145,Perry,Perry County
19,75,19075,Grundy,Grundy County
17,87,17087,Johnson,Johnson County
27,59,27059,Isanti,Isanti County
27,9,27009,Benton,Benton County
18,45,18045,Fountain,Fountain County
17,173,17173,Shelby,Shelby County
17,51,17051,Fayette,Fayette County
39,127,39127,Perry,Perry County
29,167,29167,Polk,Polk County
19,191,19191,Winneshiek,Winneshiek County
55,37,55037,Florence,Florence County
27,159,27159,Wadena,Wadena County
17,201,17201,Winnebago,Winnebago County
27,113,27113,Pennington,Pennington County
5,9,5009,Boone,Boone County
26,49,26049,Genesee,Genesee County
46,109,46109,Roberts,Roberts County
17,141,17141,Ogle,Ogle County
38,77,38077,Richland,Richland County
55,5,55005,Barron,Barron County
55,51,55051,Iron,Iron County
27,157,27157,Wabasha,Wabasha County
26,141,26141,Presque Isle,Presque Isle County
18,159,18159,Tipton,Tipton County
20,27,20027,Clay,Clay County
5,3,5003,Ashley,Ashley County
5,41,5041,Desha,Desha County
27,163,27163,Washington,Washington County
29,25,29025,Caldwell,Caldwell County
18,25,18025,Crawford,Crawford County
29,111,29111,Lewis,Lewis County
31,75,31075,Grant,Grant County
17,139,17139,Moultrie,Moultrie County
27,35,27035,Crow Wing,Crow Wing County
5,123,5123,St. Francis,St. Francis County
20,105,20105,Lincoln,Lincoln County
20,183,20183,Smith,Smith County
5,97,5097,Montgomery,Montgomery County
26,25,26025,Calhoun,Calhoun County
19,153,19153,Polk,Polk County
27,155,27155,Traverse,Traverse County
17,17,17017,Cass,Cass County
31,21,31021,Burt,Burt County
17,167,17167,Sangamon,Sangamon County
26,137,26137,Otsego,Otsego County
19,161,19161,Sac,Sac County
27,173,27173,Yellow Medicine,Yellow Medicine County
26,107,26107,Mecosta,Mecosta County
29,181,29181,Ripley,Ripley County
17,179,17179,Tazewell,Tazewell County
5,135,5135,Sharp,Sharp County
27,131,27131,Rice,Rice County
29,219,29219,Warren,Warren County
46,121,46121,Todd,Todd County
19,127,19127,Marshall,Marshall County
18,155,18155,Switzerland,Switzerland County
17,99,17099,LaSalle,LaSalle County
19,55,19055,Delaware,Delaware County
20,127,20127,Morris,Morris County
19,51,19051,Davis,Davis County
55,81,55081,Monroe,Monroe County
18,35,18035,Delaware,Delaware County
29,95,29095,Jackson,Jackson County
19,67,19067,Floyd,Floyd County
46,125,46125,Turner,Turner County
29,207,29207,Stoddard,Stoddard County
27,145,27145,Stearns,Stearns County
31,155,31155,Saunders,Saunders County
27,141,27141,Sherburne,Sherburne County
46,35,46035,Davison,Davison County
55,101,55101,Racine,Racine County
55,115,55115,Shawano,Shawano County
19,9,19009,Audubon,Audubon County
27,79,27079,Le Sueur,Le Sueur County
55,27,55027,Dodge,Dodge County
19,105,19105,Jones,Jones County
20,7,20007,Barber,Barber County
29,169,29169,Pulaski,Pulaski County
20,109,20109,Logan,Logan County
29,75,29075,Gentry,Gentry County
31,9,31009,Blaine,Blaine County
29,1,29001,Adair,Adair County
39,43,39043,Erie,Erie County
17,183,17183,Vermilion,Vermilion County
29,189,29189,St. Louis,St. Louis County
17,7,17007,Boone,Boone County
55,25,55025,Dane,Dane County
17,137,17137,Morgan,Morgan County
17,123,17123,Marshall,Marshall County
26,63,26063,Huron,Huron County
26,69,26069,Iosco,Iosco County
38,37,38037,Grant,Grant County
19,83,19083,Hardin,Hardin County
39,27,39027,Clinton,Clinton County
27,137,27137,St. Louis,St. Louis County
39,93,39093,Lorain,Lorain County
19,15,19015,Boone,Boone County
31,51,31051,Dixon,Dixon County
55,15,55015,Calumet,Calumet County
26,67,26067,Ionia,Ionia County
27,31,27031,Cook,Cook County
26,81,26081,Kent,Kent County
31,167,31167,Stanton,Stanton County
19,99,19099,Jasper,Jasper County
19,149,19149,Plymouth,Plymouth County
19,155,19155,Pottawattamie,Pottawattamie County
29,229,29229,Wright,Wright County
29,7,29007,Audrain,Audrain County
55,55,55055,Jefferson,Jefferson County
5,55,5055,Greene,Greene County
55,13,55013,Burnett,Burnett County
46,117,46117,Stanley,Stanley County
31,183,31183,Wheeler,Wheeler County
27,51,27051,Grant,Grant County
20,17,20017,Chase,Chase County
46,3,46003,Aurora,Aurora County
31,61,31061,Franklin,Franklin County
20,37,20037,Crawford,Crawford County
27,23,27023,Chippewa,Chippewa County
46,103,46103,Pennington,Pennington County
46,83,46083,Lincoln,Lincoln County
55,17,55017,Chippewa,Chippewa County
20,207,20207,Woodson,Woodson County
26,99,26099,Macomb,Macomb County
17,79,17079,Jasper,Jasper County
18,147,18147,Spencer,Spencer County
38,53,38053,McKenzie,McKenzie County
17,13,17013,Calhoun,Calhoun County
18,85,18085,Kosciusko,Kosciusko County
5,147,5147,Woodruff,Woodruff County
46,105,46105,Perkins,Perkins County
19,173,19173,Taylor,Taylor County
39,39,39039,Defiance,Defiance County
17,121,17121,Marion,Marion County
17,187,17187,Warren,Warren County
19,145,19145,Page,Page County
20,87,20087,Jefferson,Jefferson County
27,43,27043,Faribault,Faribault County
20,153,20153,Rawlins,Rawlins County
20,193,20193,Thomas,Thomas County
19,35,19035,Cherokee,Cherokee County
5,145,5145,White,White County
29,53,29053,Cooper,Cooper County
26,43,26043,Dickinson,Dickinson County
17,197,17197,Will,Will County
46,11,46011,Brookings,Brookings County
29,47,29047,Clay,Clay County
18,11,18011,Boone,Boone County
19,57,19057,Des Moines,Des Moines County
19,163,19163,Scott,Scott County
20,143,20143,Ottawa,Ottawa County
27,17,27017,Carlton,Carlton County
39,9,39009,Athens,Athens County
39,81,39081,Jefferson,Jefferson County
55,31,55031,Douglas,Douglas County
18,75,18075,Jay,Jay County
26,117,26117,Montcalm,Montcalm County
5,77,5077,Lee,Lee County
20,159,20159,Rice,Rice County
39,143,39143,Sandusky,Sandusky County
17,153,17153,Pulaski,Pulaski County
26,145,26145,Saginaw,Saginaw County
17,119,17119,Madison,Madison County
31,53,31053,Dodge,Dodge County
55,77,55077,Marquette,Marquette County
29,211,29211,Sullivan,Sullivan County
20,135,20135,Ness,Ness County
31,29,31029,Chase,Chase County
39,113,39113,Montgomery,Montgomery County
5,29,5029,Conway,Conway County
29,147,29147,Nodaway,Nodaway County
38,73,38073,Ransom,Ransom County
26,17,26017,Bay,Bay County
27,115,27115,Pine,Pine County
55,9,55009,Brown,Brown County
20,205,20205,Wilson,Wilson County
26,11,26011,Arenac,Arenac County
19,111,19111,Lee,Lee County
20,141,20141,Osborne,Osborne County
26,47,26047,Emmet,Emmet County
19,71,19071,Fremont,Fremont County
29,213,29213,Taney,Taney County
29,115,29115,Linn,Linn County
46,17,46017,Buffalo,Buffalo County
46,95,46095,Mellette,Mellette County
27,149,27149,Stevens,Stevens County
17,133,17133,Monroe,Monroe County
20,25,20025,Clark,Clark County
20,81,20081,Haskell,Haskell County
19,95,19095,Iowa,Iowa County
31,19,31019,Buffalo,Buffalo County
19,23,19023,Butler,Butler County
29,135,29135,Moniteau,Moniteau County
5,61,5061,Howard,Howard County
5,99,5099,Nevada,Nevada County
39,11,39011,Auglaize,Auglaize County
19,63,19063,Emmet,Emmet County
20,169,20169,Saline,Saline County
29,27,29027,Callaway,Callaway County
26,31,26031,Cheboygan,Cheboygan County
26,51,26051,Gladwin,Gladwin County
19,193,19193,Woodbury,Woodbury County
17,3,17003,Alexander,Alexander County
29,99,29099,Jefferson,Jefferson County
29,113,29113,Lincoln,Lincoln County
19,41,19041,Clay,Clay County
46,107,46107,Potter,Potter County
20,95,20095,Kingman,Kingman County
29,215,29215,Texas,Texas County
5,119,5119,Pulaski,Pulaski County
19,47,19047,Crawford,Crawford County
39,55,39055,Geauga,Geauga County
38,95,38095,Towner,Towner County
39,61,39061,Hamilton,Hamilton County
19,19,19019,Buchanan,Buchanan County
17,43,17043,DuPage,DuPage County
46,47,46047,Fall River,Fall River County
27,69,27069,Kittson,Kittson County
31,59,31059,Fillmore,Fillmore County
18,153,18153,Sullivan,Sullivan County
20,185,20185,Stafford,Stafford County
26,115,26115,Monroe,Monroe County
18,181,18181,White,White County
18,113,18113,Noble,Noble County
31,185,31185,York,York County
18,21,18021,Clay,Clay County
29,141,29141,Morgan,Morgan County
39,75,39075,Holmes,Holmes County
19,143,19143,Osceola,Osceola County
18,79,18079,Jennings,Jennings County
17,165,17165,Saline,Saline County
26,77,26077,Kalamazoo,Kalamazoo County
18,27,18027,Daviess,Daviess County
26,55,26055,Grand Traverse,Grand Traverse County
46,65,46065,Hughes,Hughes County
46,69,46069,Hyde,Hyde County
29,77,29077,Greene,Greene County
31,159,31159,Seward,Seward County
39,29,39029,Columbiana,Columbiana County
5,53,5053,Grant,Grant County
5,7,5007,Benton,Benton County
20,41,20041,Dickinson,Dickinson County
55,103,55103,Richland,Richland County
5,87,5087,Madison,Madison County
26,39,26039,Crawford,Crawford County
39,19,39019,Carroll,Carroll County
17,97,17097,Lake,Lake County
5,39,5039,Dallas,Dallas County
55,141,55141,Wood,Wood County
39,13,39013,Belmont,Belmont County
29,35,29035,Carter,Carter County
31,35,31035,Clay,Clay County
19,33,19033,Cerro Gordo,Cerro Gordo County
19,73,19073,Greene,Greene County
29,31,29031,Cape Girardeau,Cape Girardeau County
29,133,29133,Mississippi,Mississippi County
5,25,5025,Cleveland,Cleveland County
18,33,18033,DeKalb,DeKalb County
29,197,29197,Schuyler,Schuyler County
26,97,26097,Mackinac,Mackinac County
20,55,20055,Finney,Finney County
20,125,20125,Montgomery,Montgomery County
31,33,31033,Cheyenne,Cheyenne County
27,91,27091,Martin,Martin County
31,69,31069,Garden,Garden County
17,117,17117,Macoupin,Macoupin County
39,141,39141,Ross,Ross County
17,195,17195,Whiteside,Whiteside County
39,167,39167,Washington,Washington County
29,91,29091,Howell,Howell County
20,47,20047,Edwards,Edwards County
17,107,17107,Logan,Logan County
55,139,55139,Winnebago,Winnebago County
20,79,20079,Harvey,Harvey County
26,111,26111,Midland,Midland County
17,81,17081,Jefferson,Jefferson County
46,57,46057,Hamlin,Hamlin County
55,69,55069,Lincoln,Lincoln County
17,101,17101,Lawrence,Lawrence County
18,67,18067,Howard,Howard County
18,125,18125,Pike,Pike County
26,45,26045,Eaton,Eaton County
19,179,19179,Wapello,Wapello County
26,27,26027,Cass,Cass County
20,179,20179,Sheridan,Sheridan County
46,45,46045,Edmunds,Edmunds County
18,29,18029,Dearborn,Dearborn County
18,71,18071,Jackson,Jackson County
5,35,5035,Crittenden,Crittenden County
38,75,38075,Renville,Renville County
19,87,19087,Henry,Henry County
31,83,31083,Harlan,Harlan County
55,91,55091,Pepin,Pepin County
29,121,29121,Macon,Macon County
20,97,20097,Kiowa,Kiowa County
29,61,29061,Daviess,Daviess County
26,101,26101,Manistee,Manistee County
19,119,19119,Lyon,Lyon County
19,3,19003,Adams,Adams County
20,77,20077,Harper,Harper County
19,133,19133,Monona,Monona County
17,143,17143,Peoria,Peoria County
19,91,19091,Humboldt,Humboldt County
31,177,31177,Washington,Washington County
55,49,55049,Iowa,Iowa County
27,97,27097,Morrison,Morrison County
29,205,29205,Shelby,Shelby County
39,97,39097,Madison,Madison County
20,201,20201,Washington,Washington County
17,19,17019,Champaign,Champaign County
17,45,17045,Edgar,Edgar County
39,65,39065,Hardin,Hardin County
26,113,26113,Missaukee,Missaukee County
38,93,38093,Stutsman,Stutsman County
29,203,29203,Shannon,Shannon County
26,125,26125,Oakland,Oakland County
38,33,38033,Golden Valley,Golden Valley County
27,117,27117,Pipestone,Pipestone County
27,129,27129,Renville,Renville County
31,91,31091,Hooker,Hooker County
46,59,46059,Hand,Hand County
5,73,5073,Lafayette,Lafayette County
39,25,39025,Clermont,Clermont County
19,115,19115,Louisa,Louisa County
20,49,20049,Elk,Elk County
39,121,39121,Noble,Noble County
39,137,39137,Putnam,Putnam County
27,87,27087,Mahnomen,Mahnomen County
29,157,29157,Perry,Perry County
27,53,27053,Hennepin,Hennepin County
19,171,19171,Tama,Tama County
20,175,20175,Seward,Seward County
19,135,19135,Monroe,Monroe County
31,147,31147,Richardson,Richardson County
17,21,17021,Christian,Christian County
38,65,38065,Oliver,Oliver County
26,133,26133,Osceola,Osceola County
29,57,29057,Dade,Dade County
19,139,19139,Muscatine,Muscatine County
18,101,18101,Martin,Martin County
29,199,29199,Scotland,Scotland County
20,131,20131,Nemaha,Nemaha County
20,137,20137,Norton,Norton County
31,65,31065,Furnas,Furnas County
18,177,18177,Wayne,Wayne County
31,93,31093,Howard,Howard County
38,25,38025,Dunn,Dunn County
20,31,20031,Coffey,Coffey County
26,23,26023,Branch,Branch County
39,105,39105,Meigs,Meigs County
46,115,46115,Spink,Spink County
31,175,31175,Valley,Valley County
5,125,5125,Saline,Saline County
38,79,38079,Rolette,Rolette County
26,5,26005,Allegan,Allegan County
27,15,27015,Brown,Brown County
18,145,18145,Shelby,Shelby County
39,49,39049,Franklin,Franklin County
26,83,26083,Keweenaw,Keweenaw County
20,93,20093,Kearny,Kearny County
18,105,18105,Monroe,Monroe County
19,117,19117,Lucas,Lucas County
27,103,27103,Nicollet,Nicollet County
55,75,55075,Marinette,Marinette County
55,99,55099,Price,Price County
18,103,18103,Miami,Miami County
20,53,20053,Ellsworth,Ellsworth County
20,83,20083,Hodgeman,Hodgeman County
20,119,20119,Meade,Meade County
46,49,46049,Faulk,Faulk County
26,61,26061,Houghton,Houghton County
46,19,46019,Butte,Butte County
18,95,18095,Madison,Madison County
18,133,18133,Putnam,Putnam County
29,171,29171,Putnam,Putnam County
55,43,55043,Grant,Grant County
38,59,38059,Morton,Morton County
46,93,46093,Meade,Meade County
18,97,18097,Marion,Marion County
5,17,5017,Chicot,Chicot County
5,115,5115,Pope,Pope County
5,89,5089,Marion,Marion County
29,187,29187,St. Francois,St. Francois County
29,49,29049,Clinton,Clinton County
5,117,5117,Prairie,Prairie County
5,11,5011,Bradley,Bradley County
27,41,27041,Douglas,Douglas County
39,77,39077,Huron,Huron County
39,173,39173,Wood,Wood County
20,3,20003,Anderson,Anderson County
17,95,17095,Knox,Knox County
46,89,46089,McPherson,McPherson County
26,29,26029,Charlevoix,Charlevoix County
27,151,27151,Swift,Swift County
39,147,39147,Seneca,Seneca County
39,171,39171,Williams,Williams County
39,159,39159,Union,Union County
39,35,39035,Cuyahoga,Cuyahoga County
46,102,46102,Oglala Lakota,Oglala Lakota County
20,117,20117,Marshall,Marshall County
20,203,20203,Wichita,Wichita County
46,23,46023,Charles Mix,Charles Mix County
31,27,31027,Cedar,Cedar County
17,111,17111,McHenry,McHenry County
29,33,29033,Carroll,Carroll County
27,147,27147,Steele,Steele County
31,169,31169,Thayer,Thayer County
19,79,19079,Hamilton,Hamilton County
39,165,39165,Warren,Warren County
29,217,29217,Vernon,Vernon County
18,121,18121,Parke,Parke County
19,69,19069,Franklin,Franklin County
39,45,39045,Fairfield,Fairfield County
38,69,38069,Pierce,Pierce County
17,15,17015,Carroll,Carroll County
27,125,27125,Red Lake,Red Lake County
46,127,46127,Union,Union County
39,83,39083,Knox,Knox County
19,17,19017,Bremer,Bremer County
31,49,31049,Deuel,Deuel County
19,141,19141,O'Brien,O'Brien County
20,67,20067,Grant,Grant County
5,43,5043,Drew,Drew County
31,123,31123,Morrill,Morrill County
29,15,29015,Benton,Benton County
5,109,5109,Pike,Pike County
29,65,29065,Dent,Dent County
20,103,20103,Leavenworth,Leavenworth County
26,121,26121,Muskegon,Muskegon County
29,185,29185,St. Clair,St. Clair County
29,129,29129,Mercer,Mercer County
29,159,29159,Pettis,Pettis County
20,19,20019,Chautauqua,Chautauqua County
18,183,18183,Whitley,Whitley County
46,37,46037,Day,Day County
29,63,29063,DeKalb,DeKalb County
17,47,17047,Edwards,Edwards County
39,89,39089,Licking,Licking County
5,139,5139,Union,Union County
17,71,17071,Henderson,Henderson County
55,21,55021,Columbia,Columbia County
27,29,27029,Clearwater,Clearwater County
20,163,20163,Rooks,Rooks County
18,41,18041,Fayette,Fayette County
31,79,31079,Hall,Hall County
31,81,31081,Hamilton,Hamilton County
31,115,31115,Loup,Loup County
31,63,31063,Frontier,Frontier County
27,11,27011,Big Stone,Big Stone County
27,13,27013,Blue Earth,Blue Earth County
26,41,26041,Delta,Delta County
5,131,5131,Sebastian,Sebastian County
29,69,29069,Dunklin,Dunklin County
29,137,29137,Monroe,Monroe County
26,73,26073,Isabella,Isabella County
55,19,55019,Clark,Clark County
18,1,18001,Adams,Adams County
46,123,46123,Tripp,Tripp County
19,77,19077,Guthrie,Guthrie County
19,183,19183,Washington,Washington County
46,111,46111,Sanborn,Sanborn County
55,109,55109,St. Croix,St. Croix County
39,153,39153,Summit,Summit County
18,175,18175,Washington,Washington County
5,75,5075,Lawrence,Lawrence County
38,27,38027,Eddy,Eddy County
55,57,55057,Juneau,Juneau County
46,31,46031,Corson,Corson County
46,53,46053,Gregory,Gregory County
18,9,18009,Blackford,Blackford County
20,155,20155,Reno,Reno County
55,107,55107,Rusk,Rusk County
55,133,55133,Waukesha,Waukesha County
18,63,18063,Hendricks,Hendricks County
17,77,17077,Jackson,Jackson County
38,41,38041,Hettinger,Hettinger County
55,11,55011,Buffalo,Buffalo County
27,119,27119,Polk,Polk County
27,127,27127,Redwood,Redwood County
5,111,5111,Poinsett,Poinsett County
39,149,39149,Shelby,Shelby County
18,93,18093,Lawrence,Lawrence County
20,69,20069,Gray,Gray County
29,155,29155,Pemiscot,Pemiscot County
31,125,31125,Nance,Nance County
55,78,55078,Menominee,Menominee County
19,167,19167,Sioux,Sioux County
29,510,29510,St. Louis,St. Louis city
46,51,46051,Grant,Grant County
46,91,46091,Marshall,Marshall County
31,107,31107,Knox,Knox County
19,5,19005,Allamakee,Allamakee County
20,197,20197,Wabaunsee,Wabaunsee County
27,55,27055,Houston,Houston County
39,103,39103,Medina,Medina County
55,71,55071,Manitowoc,Manitowoc County
55,29,55029,Door,Door County
39,53,39053,Gallia,Gallia County
39,31,39031,Coshocton,Coshocton County
31,135,31135,Perkins,Perkins County
19,189,19189,Winnebago,Winnebago County
39,175,39175,Wyandot,Wyandot County
27,19,27019,Carver,Carver County
31,37,31037,Colfax,Colfax County
29,13,29013,Bates,Bates County
19,93,19093,Ida,Ida County
20,173,20173,Sedgwick,Sedgwick County
31,23,31023,Butler,Butler County
19,29,19029,Cass,Cass County
39,107,39107,Mercer,Mercer County
20,85,20085,Jackson,Jackson County
31,31,31031,Cherry,Cherry County
29,143,29143,New Madrid,New Madrid County
5,57,5057,Hempstead,Hempstead County
29,29,29029,Camden,Camden County
26,91,26091,Lenawee,Lenawee County
27,135,27135,Roseau,Roseau County
